sindex,field,ccd,qid,filter,pid,infobitssci,sciinpseeing,scibckgnd,scisigpix,zpmaginpsci,zpmaginpsciunc,zpmaginpscirms,clrcoeff,clrcoeffunc,ncalmatches,exptime,adpctdif1,adpctdif2,diffmaglim,zpdiff,programid,jd,rfid,diffimgstatus,forcediffimflux,forcediffimfluxunc,forcediffimsnr,forcediffimchisq,forcediffimfluxap,forcediffimfluxuncap,forcediffimsnrap,aperturecorr,dnearestrefsrc,nearestrefmag,nearestrefmagunc,nearestrefchi,nearestrefsharp,refjdstart,refjdend,procstatus,baseline,flux_corr,ref_flux,flux_total,mag,mag_unc
0,468,7,3,ZTF_r,463199742615,0,1.9053,330.311,7.83921,25.9192,1.04431e-05,0.0283831,0.099636,1.73318e-05,495,30.0,0.053642,0.051763,20.0588,25.9192,1,2458217.6997454,468120226,1,-605.41739297222,27.367018,-24.608334,7.476284,-531.65589992523,54.17667,-9.879467,1.038946,0.144213968101269,15.7400001525879,0.0149999996647239,0.437999993562698,-0.0270000007003546,2458160.768681,2458450.010741,0,-272.66310449434,-332.75428847788,0.0,-332.75428847788,,
1,468,8,4,ZTF_r,463199743115,0,1.8007,321.124,7.64639,25.8768,1.09814e-05,0.0285408,0.116187,1.71499e-05,499,30.0,0.047996,0.054881,20.0481,25.8768,1,2458217.6997454,468120231,1,-99999.0,-99999.0,-99999.0,-99999.0,-99999.0,-99999.0,-99999.0,-99999.0,,,,,,2458160.768681,2458450.010741,"57,61",-99999.0,0.0,0.0,0.0,,
2,468,7,3,ZTF_r,463218052615,0,1.8126,401.98,7.03262,26.1339,6.6053e-06,0.0226368,0.109834,1.10177e-05,495,30.0,0.052749,0.048394,20.3617,26.1339,1,2458217.7180556,468120226,1,-538.40994463797,28.519529,-21.000301,6.263244,-519.44638371935,53.70927,-9.736585,1.042474,0.144213968101269,15.7400001525879,0.0149999996647239,0.437999993562698,-0.0270000007003546,2458160.768681,2458450.010741,0,-272.66310449434,-265.74684014363004,0.0,-265.74684014363004,,
3,468,8,4,ZTF_r,463218053115,0,1.7656,388.616,6.72166,26.0865,1.04995e-05,0.028011,0.11545,1.6382e-05,501,30.0,0.05247,0.048391,20.3638,26.0865,1,2458217.7180556,468120231,1,-99999.0,-99999.0,-99999.0,-99999.0,-99999.0,-99999.0,-99999.0,-99999.0,,,,,,2458160.768681,2458450.010741,"57,61",-99999.0,0.0,0.0,0.0,,
4,468,8,4,ZTF_r,467203403115,0,5.8224,283.124,8.25238,25.7504,4.11865e-05,0.0513791,0.127525,6.57305e-05,440,30.0,0.073778,0.070222,19.0716,25.7504,1,2458221.7034028,468120231,1,-99999.0,-99999.0,-99999.0,-99999.0,-99999.0,-99999.0,-99999.0,-99999.0,,,,,,2458160.768681,2458450.010741,"57,61",-99999.0,0.0,0.0,0.0,,
5,468,7,3,ZTF_r,467203402615,0,4.0389,300.025,8.21045,25.8361,2.34382e-05,0.0416183,0.12419,3.87809e-05,474,30.0,0.065703,0.064319,19.2523,25.8361,1,2458221.7034028,468120226,1,758.26758729111,60.235939,14.003016,1.969466,548.27571551104,78.781418,7.006327,1.163338,0.144213968101269,15.7400001525879,0.0149999996647239,0.437999993562698,-0.0270000007003546,2458160.768681,2458450.010741,0,-272.66310449434,1030.93069178545,0.0,1030.93069178545,18.303026327060135,0.06343815381675807
6,468,8,4,ZTF_r,470178543115,0,2.0023,273.64,7.46664,25.6904,1.26009e-05,0.0308052,0.122488,1.98765e-05,503,30.0,0.045472,0.047034,19.765,25.6904,1,2458224.6785417,468120231,1,-99999.0,-99999.0,-99999.0,-99999.0,-99999.0,-99999.0,-99999.0,-99999.0,,,,,,2458160.768681,2458450.010741,"57,61",-99999.0,0.0,0.0,0.0,,
7,468,7,3,ZTF_r,470178542615,0,1.9469,281.44,7.74666,25.7451,1.14242e-05,0.0298028,0.112954,1.88794e-05,499,30.0,0.048444,0.047273,19.8085,25.7451,1,2458224.6785417,468120226,1,691.13443508279,36.059071,21.320768,1.981291,548.43079901472,61.856018,8.925963,1.052087,0.144213968101269,15.7400001525879,0.0149999996647239,0.437999993562698,-0.0270000007003546,2458160.768681,2458450.010741,0,-272.66310449434,963.79753957713,0.0,963.79753957713,18.285135466796508,0.04062122726710988
8,468,7,3,ZTF_r,473245332615,0,2.9978,434.294,6.37266,26.2363,9.5853e-06,0.0272244,0.116574,1.58592e-05,493,30.0,0.063448,0.048507,20.1877,26.2363,1,2458227.7453356,468120226,1,249.03364747936,36.163666,7.660205,4.490137,-69.18845378302,53.518234,-1.301509,1.073419,0.144213968101269,15.7400001525879,0.0149999996647239,0.437999993562698,-0.0270000007003546,2458160.768681,2458450.010741,0,-272.66310449434,521.6967519737,0.0,521.6967519737,19.442754667846593,0.07526249938193981
9,468,8,4,ZTF_r,473245333115,0,4.0694,420.523,6.08314,26.185,1.37222e-05,0.0320158,0.12519,2.15945e-05,498,30.0,0.063769,0.052823,20.0821,26.185,1,2458227.7453356,468120231,1,-99999.0,-99999.0,-99999.0,-99999.0,-99999.0,-99999.0,-99999.0,-99999.0,,,,,,2458160.768681,2458450.010741,"57,61",-99999.0,0.0,0.0,0.0,,
10,468,7,3,ZTF_r,477147212615,0,1.6469,442.703,10.7524,26.2497,7.044e-06,0.0233036,0.111408,1.16552e-05,495,30.0,0.050079,0.053709,20.0541,26.2497,1,2458231.6472106,468120226,1,-588.01910785653,38.338131,-17.061426,6.12046,-318.68314865838,77.503586,-4.139544,1.032977,0.144213968101269,15.7400001525879,0.0149999996647239,0.437999993562698,-0.0270000007003546,2458160.768681,2458450.010741,0,-272.66310449434,-315.35600336219,0.0,-315.35600336219,,
11,468,8,4,ZTF_r,477147213115,0,1.6044,433.328,10.8566,26.2064,1.05906e-05,0.0281985,0.116391,1.67076e-05,502,30.0,0.052868,0.055413,20.0011,26.2064,1,2458231.6472106,468120231,1,-99999.0,-99999.0,-99999.0,-99999.0,-99999.0,-99999.0,-99999.0,-99999.0,,,,,,2458160.768681,2458450.010741,"57,61",-99999.0,0.0,0.0,0.0,,
12,468,8,4,ZTF_g,481207543115,0,2.9526,129.885,14.5504,26.2152,2.34364e-05,0.0335886,-0.0335063,4.81752e-05,336,30.0,0.059806,0.060095,19.2942,26.2152,1,2458235.7075463,468120131,1,-99999.0,-99999.0,-99999.0,-99999.0,-99999.0,-99999.0,-99999.0,-99999.0,,,,,,2458166.891343,2458444.02037,"57,61",,,0.0,,,
13,468,7,3,ZTF_g,481207542615,0,2.6524,132.911,14.895,26.2551,2.48745e-05,0.0381902,-0.0318863,5.46641e-05,367,30.0,0.053296,0.051211,19.3281,26.2551,1,2458235.7075463,468120126,1,684.33224283332,83.673828,9.097712,1.104575,469.7946162301,129.794388,3.643907,1.086522,0.134565025768624,16.3420001983643,0.017000000923872,0.813000023365021,-0.0430000014603138,2458166.891343,2458444.02037,0,,,0.0,,,
14,468,7,3,ZTF_g,484147782615,0,2.7883,132.8,15.1305,26.2664,3.10693e-05,0.040376,-0.0563948,6.65223e-05,346,30.0,0.058858,0.059094,19.2146,26.2664,1,2458238.6477894,468120126,1,-262.41910401626,91.877411,-3.177178,0.964411,-206.84509140855,142.065674,-1.465788,1.069247,0.134565025768624,16.3420001983643,0.017000000923872,0.813000023365021,-0.0430000014603138,2458166.891343,2458444.02037,0,,,0.0,,,
15,468,8,4,ZTF_g,484147783115,0,2.8232,129.764,14.6358,26.2268,3.02997e-05,0.0385342,-0.0580434,6.49281e-05,332,30.0,0.055304,0.056793,19.2262,26.2268,1,2458238.6477894,468120131,1,-99999.0,-99999.0,-99999.0,-99999.0,-99999.0,-99999.0,-99999.0,-99999.0,,,,,,2458166.891343,2458444.02037,"57,61",,,0.0,,,
16,468,7,3,ZTF_r,489150702615,0,1.8917,426.818,7.34124,26.2269,7.6281e-06,0.0243367,0.0978468,1.26929e-05,498,30.0,0.049547,0.052545,20.3961,26.2269,1,2458243.650706,468120226,1,-804.99767682475,32.414539,-27.625463,18.955553,295.19725450675,63.458599,4.683139,1.029303,0.144213968101269,15.7400001525879,0.0149999996647239,0.437999993562698,-0.0270000007003546,2458160.768681,2458450.010741,0,-272.66310449434,-532.33457233041,0.0,-532.33457233041,,
17,468,8,4,ZTF_r,489150703115,0,1.8466,417.834,7.0803,26.1868,7.3982e-06,0.023487,0.099839,1.15805e-05,498,30.0,0.049671,0.049866,20.3716,26.1868,1,2458243.650706,468120231,1,-99999.0,-99999.0,-99999.0,-99999.0,-99999.0,-99999.0,-99999.0,-99999.0,,,,,,2458160.768681,2458450.010741,"57,61",-99999.0,0.0,0.0,0.0,,
18,468,8,4,ZTF_g,489192613115,0,2.5266,120.447,5.40281,26.1786,1.48818e-05,0.032925,-0.117449,2.36252e-05,489,30.0,0.062597,0.055442,20.3362,26.1786,1,2458243.6926157,468120131,1,-99999.0,-99999.0,-99999.0,-99999.0,-99999.0,-99999.0,-99999.0,-99999.0,,,,,,2458166.891343,2458444.02037,"57,61",,,0.0,,,
19,468,7,3,ZTF_g,489192612615,0,2.5162,124.265,5.19025,26.2032,1.36101e-05,0.0322613,-0.115467,2.28727e-05,489,30.0,0.06324,0.054106,20.4209,26.2032,1,2458243.6926157,468120126,1,-282.03032874378,24.475817,-12.817799,2.880421,212.64744323516,42.571445,5.028715,1.036656,0.134565025768624,16.3420001983643,0.017000000923872,0.813000023365021,-0.0430000014603138,2458166.891343,2458444.02037,0,,,0.0,,,
20,468,8,4,ZTF_g,493187783115,0,1.8011,127.414,5.08624,26.1829,8.028e-06,0.0245189,-0.0491936,1.26158e-05,499,30.0,0.048991,0.056458,20.769,26.1829,1,2458247.6877894,468120131,1,-99999.0,-99999.0,-99999.0,-99999.0,-99999.0,-99999.0,-99999.0,-99999.0,,,,,,2458166.891343,2458444.02037,"57,61",,,0.0,,,
21,468,7,3,ZTF_g,493187782615,0,2.0228,131.162,4.93764,26.2191,8.7547e-06,0.0263137,-0.0542274,1.46006e-05,495,30.0,0.051206,0.053431,20.855,26.2191,1,2458247.6877894,468120126,1,505.18514614017,22.090931,25.43849,3.148697,319.55911596815,36.067234,8.919768,1.054833,0.134565025768624,16.3420001983643,0.017000000923872,0.813000023365021,-0.0430000014603138,2458166.891343,2458444.02037,0,,,0.0,,,
22,468,7,3,ZTF_r,493216582615,0,2.2086,434.324,6.62235,26.2146,7.1544e-06,0.023535,0.115647,1.1863e-05,497,30.0,0.057077,0.049255,20.4517,26.2146,1,2458247.7165856,468120226,1,1432.95368065515,38.123543,41.811302,11.220247,738.02635900979,53.154121,13.978163,1.053061,0.144213968101269,15.7400001525879,0.0149999996647239,0.437999993562698,-0.0270000007003546,2458160.768681,2458450.010741,0,-272.66310449434,1705.6167851494902,0.0,1705.6167851494902,18.134896346740025,0.02426811887004589
23,468,8,4,ZTF_r,493216583115,0,2.563,419.739,6.30825,26.1661,1.09934e-05,0.0286813,0.117517,1.72063e-05,501,30.0,0.05653,0.049204,20.4213,26.1661,1,2458247.7165856,468120231,1,-99999.0,-99999.0,-99999.0,-99999.0,-99999.0,-99999.0,-99999.0,-99999.0,,,,,,2458160.768681,2458450.010741,"57,61",-99999.0,0.0,0.0,0.0,,
24,468,8,4,ZTF_r,500169493115,0,1.866,426.783,6.63485,26.1804,7.7596e-06,0.0240425,0.123835,1.21267e-05,500,30.0,0.049416,0.047324,20.4193,26.1804,1,2458254.6694907,468120231,1,-99999.0,-99999.0,-99999.0,-99999.0,-99999.0,-99999.0,-99999.0,-99999.0,,,,,,2458160.768681,2458450.010741,"57,61",-99999.0,0.0,0.0,0.0,,
25,468,7,3,ZTF_r,500169492615,0,1.824,440.358,6.95372,26.2441,7.4773e-06,0.0241373,0.108332,1.23851e-05,498,30.0,0.049891,0.045546,20.4738,26.2441,1,2458254.6694907,468120226,1,-86.03223537609,27.890259,-3.431338,6.369252,-46.91727843039,51.146172,-0.923496,1.041595,0.144213968101269,15.7400001525879,0.0149999996647239,0.437999993562698,-0.0270000007003546,2458160.768681,2458450.010741,0,-272.66310449434,186.63086911825002,0.0,186.63086911825002,20.566641303685174,0.1622532440611141
26,468,7,3,ZTF_i,503184952615,0,2.2676,226.289,7.7817,25.6079,4.1956e-06,0.0268626,0.176205,2.12893e-05,494,30.0,0.063592,0.051412,19.4728,25.6079,1,2458257.6849537,468120326,1,-462.90606653654,39.964191,-12.884769,1.944219,-50.6660015644,71.155319,-0.716844,1.051174,0.134498067197801,15.491000328064,0.0160000007599592,0.577000021934509,-0.0089999996125698,2459204.98963,2459307.706493,0,,,0.0,,,
27,468,8,4,ZTF_i,503184953115,0,2.3495,265.028,8.01631,25.5925,3.1606e-06,0.0239778,0.18648,1.45307e-05,506,30.0,0.065837,0.052199,19.4577,25.5925,1,2458257.6849537,468120331,1,-99999.0,-99999.0,-99999.0,-99999.0,-99999.0,-99999.0,-99999.0,-99999.0,,,,,,2458257.684954,2459297.701933,"57,61",,,0.0,,,
28,468,8,4,ZTF_g,504162963115,0,2.0526,118.916,8.52341,26.1477,1.55104e-05,0.0339549,-0.0793341,2.60153e-05,482,30.0,0.049842,0.047636,20.0659,26.1477,1,2458258.662963,468120131,1,-99999.0,-99999.0,-99999.0,-99999.0,-99999.0,-99999.0,-99999.0,-99999.0,,,,,,2458166.891343,2458444.02037,"57,61",,,0.0,,,
29,468,7,3,ZTF_g,504162962615,0,2.0362,122.877,8.38551,26.1922,1.50917e-05,0.0336895,-0.0879904,2.67634e-05,474,30.0,0.049379,0.049244,20.1288,26.1922,1,2458258.662963,468120126,1,-169.18244754669,31.590094,-5.957433,2.845944,219.82734220252,59.875614,3.696127,1.035769,0.134565025768624,16.3420001983643,0.017000000923872,0.813000023365021,-0.0430000014603138,2458166.891343,2458444.02037,0,,,0.0,,,
30,468,7,3,ZTF_r,504192362615,0,1.9153,401.646,8.32146,26.1328,9.0954e-06,0.0264829,0.111272,1.50297e-05,492,30.0,0.055592,0.051593,20.1471,26.1328,1,2458258.6923611,468120226,1,494.66707667819,34.318348,16.033983,2.892329,489.98904955974,61.253658,8.05322,1.045346,0.144213968101269,15.7400001525879,0.0149999996647239,0.437999993562698,-0.0270000007003546,2458160.768681,2458450.010741,0,-272.66310449434,767.33018117253,0.0,767.33018117253,18.920344298715207,0.0485588522715893
31,468,8,4,ZTF_r,504192363115,0,1.9156,391.581,8.02337,26.0798,9.8602e-06,0.0274109,0.121858,1.55436e-05,506,30.0,0.058811,0.055805,20.101,26.0798,1,2458258.6923611,468120231,1,-99999.0,-99999.0,-99999.0,-99999.0,-99999.0,-99999.0,-99999.0,-99999.0,,,,,,2458160.768681,2458450.010741,"57,61",-99999.0,0.0,0.0,0.0,,
32,468,8,4,ZTF_g,668498863115,0,2.5119,115.837,9.5048,26.1072,1.66032e-05,0.0324931,-0.0466023,3.2947e-05,421,30.0,0.060009,0.061317,19.6807,26.1072,3,2458422.9988657,468120131,1,-99999.0,-99999.0,-99999.0,-99999.0,-99999.0,-99999.0,-99999.0,-99999.0,,,,,,2458166.891343,2458444.02037,"57,61",,,0.0,,,
33,468,7,2,ZTF_g,668498862515,0,2.6349,121.437,9.83971,26.1417,1.98592e-05,0.0361389,-0.0551611,3.66482e-05,426,30.0,0.059234,0.055751,19.6207,26.1417,3,2458422.9988657,468120125,1,-99999.0,-99999.0,-99999.0,-99999.0,-99999.0,-99999.0,-99999.0,-99999.0,,,,,,2458166.891343,2458444.02037,"55,57",,,0.0,,,
34,468,7,3,ZTF_g,668498862615,0,2.6296,118.944,9.85335,26.1262,2.0603e-05,0.0369342,-0.0399888,4.0567e-05,406,30.0,0.064051,0.055102,19.5971,26.1262,3,2458422.9988657,468120126,1,-99999.0,-99999.0,-99999.0,-99999.0,-99999.0,-99999.0,-99999.0,-99999.0,0.134565025768624,16.3420001983643,0.017000000923872,0.813000023365021,-0.0430000014603138,2458166.891343,2458444.02037,61,,,0.0,,,
35,468,7,2,ZTF_r,668524592515,0,2.3853,429.455,10.5437,26.2371,1.13973e-05,0.0295795,0.103825,1.73579e-05,520,30.0,0.060356,0.050035,19.7156,26.2371,3,2458423.0245949,468120225,1,-99999.0,-99999.0,-99999.0,-99999.0,-99999.0,-99999.0,-99999.0,-99999.0,,,,,,2458160.768681,2458450.010741,"55,57",,,0.0,,,
36,468,7,3,ZTF_r,668524592615,0,2.433,431.257,10.2316,26.2196,9.0895e-06,0.026418,0.100078,1.48689e-05,483,30.0,0.06075,0.050184,19.705,26.2196,3,2458423.0245949,468120226,1,-99999.0,-99999.0,-99999.0,-99999.0,-99999.0,-99999.0,-99999.0,-99999.0,0.144213968101269,15.7400001525879,0.0149999996647239,0.437999993562698,-0.0270000007003546,2458160.768681,2458450.010741,61,-272.66310449434,-99726.33689550566,0.0,-99726.33689550566,,
37,468,8,4,ZTF_r,668524593115,0,2.2979,419.621,9.93037,26.1725,9.7925e-06,0.0276372,0.113783,1.56712e-05,514,30.0,0.05972,0.049576,19.7588,26.1725,3,2458423.0245949,468120231,1,-99999.0,-99999.0,-99999.0,-99999.0,-99999.0,-99999.0,-99999.0,-99999.0,,,,,,2458160.768681,2458450.010741,"57,61",-99999.0,0.0,0.0,0.0,,
38,468,7,3,ZTF_g,671542622615,0,3.136,131.501,7.3963,26.275,2.67358e-05,0.0441674,-0.100212,5.05812e-05,451,30.0,0.07934,0.065373,19.9321,26.275,1,2458426.0426273,468120126,1,-362.881196801,41.38847,-9.753037,1.196965,-230.35014452346,61.825546,-3.750902,1.06075,0.134565025768624,16.3420001983643,0.017000000923872,0.813000023365021,-0.0430000014603138,2458166.891343,2458444.02037,0,,,0.0,,,
39,468,8,4,ZTF_g,671542623115,0,3.4362,127.33,7.08698,26.2513,2.11945e-05,0.0373955,-0.117233,3.98378e-05,433,30.0,0.074369,0.068337,19.8607,26.2513,1,2458426.0426273,468120131,1,-99999.0,-99999.0,-99999.0,-99999.0,-99999.0,-99999.0,-99999.0,-99999.0,,,,,,2458166.891343,2458444.02037,"57,61",,,0.0,,,
40,468,8,4,ZTF_g,672481583115,0,3.1484,117.251,5.19448,26.2041,1.90449e-05,0.0366741,-0.170364,3.28656e-05,468,30.0,0.062196,0.062026,20.1792,26.2041,3,2458426.9815856,468120131,1,-99999.0,-99999.0,-99999.0,-99999.0,-99999.0,-99999.0,-99999.0,-99999.0,,,,,,2458166.891343,2458444.02037,"57,61",,,0.0,,,
41,468,7,3,ZTF_g,672481582615,0,2.6927,121.618,5.32799,26.2112,1.36065e-05,0.0326372,-0.126937,2.29105e-05,497,30.0,0.066846,0.053587,20.349,26.2112,3,2458426.9815856,468120126,1,-619.31537927522,26.596386,-25.902641,1.908911,-330.46712589371,46.413574,-7.168007,1.033075,0.134565025768624,16.3420001983643,0.017000000923872,0.813000023365021,-0.0430000014603138,2458166.891343,2458444.02037,0,,,0.0,,,
42,468,8,4,ZTF_r,672539243115,0,2.3108,434.145,6.96686,26.201,6.7774e-06,0.0224649,0.0927043,1.06661e-05,496,30.0,0.059086,0.049459,20.1648,26.201,3,2458427.0392477,468120231,1,-99999.0,-99999.0,-99999.0,-99999.0,-99999.0,-99999.0,-99999.0,-99999.0,,,,,,2458160.768681,2458450.010741,"57,61",-99999.0,0.0,0.0,0.0,,
43,468,7,3,ZTF_r,672539242615,0,1.9888,443.958,7.38999,26.2554,6.6236e-06,0.0227684,0.0981345,1.09983e-05,497,30.0,0.059185,0.045413,20.3132,26.2554,3,2458427.0392477,468120226,1,-598.91258988742,29.232027,-22.790785,5.768795,-322.63150127633,54.056702,-6.008588,1.036977,0.144213968101269,15.7400001525879,0.0149999996647239,0.437999993562698,-0.0270000007003546,2458160.768681,2458450.010741,0,-272.66310449434,-326.24948539308,0.0,-326.24948539308,,
44,468,7,3,ZTF_r,673498472615,0,3.1221,394.376,7.4175,26.1224,1.37409e-05,0.0331008,0.094598,2.30009e-05,501,30.0,0.070031,0.053963,19.7739,26.1224,3,2458427.9984722,468120226,1,-911.68128477304,45.420868,-22.32762,1.583747,-736.09921443935,65.585953,-11.299018,1.101314,0.144213968101269,15.7400001525879,0.0149999996647239,0.437999993562698,-0.0270000007003546,2458160.768681,2458450.010741,0,-272.66310449434,-639.0181802787,0.0,-639.0181802787,,
45,468,8,4,ZTF_r,673498473115,0,3.3813,360.812,7.13968,26.0268,1.93019e-05,0.0381066,0.089631,3.02943e-05,497,30.0,0.067772,0.058043,19.6435,26.0268,3,2458427.9984722,468120231,1,-99999.0,-99999.0,-99999.0,-99999.0,-99999.0,-99999.0,-99999.0,-99999.0,,,,,,2458160.768681,2458450.010741,"57,61",-99999.0,0.0,0.0,0.0,,
46,468,8,4,ZTF_g,673523903115,0,3.1242,125.368,4.70161,26.2256,1.49555e-05,0.0329181,-0.0950469,2.4404e-05,481,30.0,0.06423,0.0559,20.3515,26.2256,3,2458428.0239005,468120131,1,-99999.0,-99999.0,-99999.0,-99999.0,-99999.0,-99999.0,-99999.0,-99999.0,,,,,,2458166.891343,2458444.02037,"57,61",,,0.0,,,
47,468,7,3,ZTF_g,673523902615,0,3.012,129.8,4.85384,26.2445,1.52631e-05,0.0344993,-0.0814936,2.63011e-05,491,30.0,0.068167,0.051706,20.3769,26.2445,3,2458428.0239005,468120126,1,-473.20460662555,29.008204,-18.146084,1.075205,-515.80956192339,43.293842,-11.994397,1.073863,0.134565025768624,16.3420001983643,0.017000000923872,0.813000023365021,-0.0430000014603138,2458166.891343,2458444.02037,0,,,0.0,,,
48,468,8,4,ZTF_g,675481673115,0,2.2142,118.171,4.26086,26.1576,8.4867e-06,0.0250316,-0.0957109,1.34e-05,493,30.0,0.053595,0.053508,20.6922,26.1576,1,2458429.9816782,468120131,1,-99999.0,-99999.0,-99999.0,-99999.0,-99999.0,-99999.0,-99999.0,-99999.0,,,,,,2458166.891343,2458444.02037,"57,61",,,0.0,,,
49,468,7,3,ZTF_g,675481672615,0,2.0923,123.79,4.42434,26.1639,1.18997e-05,0.0305287,-0.0691778,1.95963e-05,497,30.0,0.054847,0.056384,20.7502,26.1639,1,2458429.9816782,468120126,1,-268.36822317908,17.090847,-17.467161,1.909478,-172.70256131313,31.98424,-5.435981,1.038775,0.134565025768624,16.3420001983643,0.017000000923872,0.813000023365021,-0.0430000014603138,2458166.891343,2458444.02037,0,,,0.0,,,
50,468,8,4,ZTF_g,675482593115,0,2.2014,118.905,4.25815,26.1724,1.09431e-05,0.028521,-0.105923,1.72676e-05,495,30.0,0.050698,0.058111,20.7026,26.1724,3,2458429.9825926,468120131,1,-99999.0,-99999.0,-99999.0,-99999.0,-99999.0,-99999.0,-99999.0,-99999.0,,,,,,2458166.891343,2458444.02037,"57,61",,,0.0,,,
51,468,7,3,ZTF_g,675482592615,0,2.07,123.195,4.42254,26.1751,1.09389e-05,0.0293237,-0.0778516,1.81911e-05,497,30.0,0.055149,0.055967,20.7643,26.1751,3,2458429.9825926,468120126,1,-26.60717198109,18.961567,-1.560915,1.479287,-36.00511547572,34.917797,-1.038084,1.037071,0.134565025768624,16.3420001983643,0.017000000923872,0.813000023365021,-0.0430000014603138,2458166.891343,2458444.02037,0,,,0.0,,,
52,468,7,3,ZTF_r,675521722615,0,1.6712,444.205,6.19668,26.2515,6.1208e-06,0.0218117,0.104764,1.00795e-05,496,30.0,0.052526,0.052291,20.6161,26.2515,1,2458430.0217245,468120226,1,46.45813852306,26.699245,1.935609,6.433487,-243.11150105301,46.803078,-5.229333,1.034615,0.144213968101269,15.7400001525879,0.0149999996647239,0.437999993562698,-0.0270000007003546,2458160.768681,2458450.010741,0,-272.66310449434,319.12124301740005,0.0,319.12124301740005,19.991610712658158,0.09083800458444215
53,468,8,4,ZTF_r,675521723115,0,1.715,431.268,6.0113,26.2054,5.982e-06,0.0211503,0.107386,9.43389e-06,497,30.0,0.048653,0.049847,20.6225,26.2054,1,2458430.0217245,468120231,1,-99999.0,-99999.0,-99999.0,-99999.0,-99999.0,-99999.0,-99999.0,-99999.0,,,,,,2458160.768681,2458450.010741,"57,61",-99999.0,0.0,0.0,0.0,,
54,468,8,4,ZTF_r,675538573115,0,1.7355,432.431,6.11683,26.2089,5.7804e-06,0.0208017,0.106626,9.09291e-06,497,30.0,0.048742,0.047871,20.597,26.2089,3,2458430.0385764,468120231,1,-99999.0,-99999.0,-99999.0,-99999.0,-99999.0,-99999.0,-99999.0,-99999.0,,,,,,2458160.768681,2458450.010741,"57,61",-99999.0,0.0,0.0,0.0,,
55,468,7,3,ZTF_r,675538572615,0,1.7099,444.598,6.4636,26.2402,7.5076e-06,0.0242709,0.105815,1.25869e-05,498,30.0,0.048478,0.04921,20.554,26.2402,3,2458430.0385764,468120226,1,29.90639727491,26.502094,1.255275,6.679053,-37.83639470475,48.172207,-0.79073,1.037144,0.144213968101269,15.7400001525879,0.0149999996647239,0.437999993562698,-0.0270000007003546,2458160.768681,2458450.010741,0,-272.66310449434,302.56950176925,0.0,302.56950176925,20.038137124695183,0.09509974663489865
56,468,7,3,ZTF_r,676478262615,0,1.7414,438.202,6.53149,26.212,6.5395e-06,0.0228548,0.107537,1.08719e-05,505,30.0,0.052036,0.049009,20.5561,26.212,3,2458430.9782639,468120226,1,326.36550556231,27.597851,13.154786,5.425332,204.9436825069,48.54863,4.249842,1.035644,0.144213968101269,15.7400001525879,0.0149999996647239,0.437999993562698,-0.0270000007003546,2458160.768681,2458450.010741,0,-272.66310449434,599.02861005665,0.0,599.02861005665,19.268381087211168,0.05002095976916137
57,468,8,4,ZTF_r,676478263115,0,1.8251,425.734,6.20785,26.1654,7.5529e-06,0.0236811,0.116928,1.18773e-05,495,30.0,0.054052,0.048804,20.5089,26.1654,3,2458430.9782639,468120231,1,-99999.0,-99999.0,-99999.0,-99999.0,-99999.0,-99999.0,-99999.0,-99999.0,,,,,,2458160.768681,2458450.010741,"57,61",-99999.0,0.0,0.0,0.0,,
58,468,8,4,ZTF_g,676539603115,0,1.8583,127.809,4.38856,26.2136,8.0106e-06,0.0244118,-0.0579255,1.26569e-05,494,30.0,0.04846,0.049609,20.912,26.2136,3,2458431.0396065,468120131,1,-99999.0,-99999.0,-99999.0,-99999.0,-99999.0,-99999.0,-99999.0,-99999.0,,,,,,2458166.891343,2458444.02037,"57,61",,,0.0,,,
59,468,7,3,ZTF_g,676539602615,0,1.8112,133.272,4.73115,26.2419,8.3156e-06,0.0256345,-0.0656245,1.38137e-05,501,30.0,0.050684,0.048995,20.8963,26.2419,3,2458431.0396065,468120126,1,76.52688528512,18.434271,4.617883,3.171165,146.81705667618,33.029465,4.47497,1.036602,0.134565025768624,16.3420001983643,0.017000000923872,0.813000023365021,-0.0430000014603138,2458166.891343,2458444.02037,0,,,0.0,,,
60,468,7,3,ZTF_g,677481742615,0,3.4089,117.884,5.01655,26.1189,2.2437e-05,0.039994,-0.0373494,4.26978e-05,444,30.0,0.086526,0.084228,20.0862,26.1189,3,2458431.9817477,468120126,1,17.3713097229,34.538944,0.559472,1.41471,344.30626052573,47.76572,7.256777,1.106313,0.134565025768624,16.3420001983643,0.017000000923872,0.813000023365021,-0.0430000014603138,2458166.891343,2458444.02037,0,,,0.0,,,
61,468,8,4,ZTF_g,677481743115,0,3.4728,114.316,4.91662,26.0972,2.22563e-05,0.0392153,-0.0470186,3.9823e-05,446,30.0,0.078457,0.087106,20.0886,26.0972,3,2458431.9817477,468120131,1,-99999.0,-99999.0,-99999.0,-99999.0,-99999.0,-99999.0,-99999.0,-99999.0,,,,,,2458166.891343,2458444.02037,"57,61",,,0.0,,,
62,468,8,4,ZTF_r,677541823115,0,4.4057,417.364,7.29108,26.1561,1.78646e-05,0.0357456,0.126722,2.83086e-05,480,30.0,0.070703,0.071401,19.5169,26.1561,3,2458432.0418287,468120231,1,-99999.0,-99999.0,-99999.0,-99999.0,-99999.0,-99999.0,-99999.0,-99999.0,,,,,,2458160.768681,2458450.010741,"57,61",-99999.0,0.0,0.0,0.0,,
63,468,7,3,ZTF_r,677541822615,0,4.3791,432.705,7.53529,26.2126,1.91821e-05,0.0378723,0.105355,3.19056e-05,482,30.0,0.075024,0.071222,19.5416,26.2126,3,2458432.0418287,468120226,1,524.21199092434,60.136738,9.696653,1.179768,525.78437399022,72.227844,7.328553,1.251903,0.144213968101269,15.7400001525879,0.0149999996647239,0.437999993562698,-0.0270000007003546,2458160.768681,2458450.010741,0,-272.66310449434,796.87509541868,0.0,796.87509541868,18.959124364707648,0.08193584422204724
64,468,7,3,ZTF_g,678481282615,0,2.2713,125.48,5.19521,26.1895,1.08513e-05,0.0290488,-0.0712641,1.80794e-05,492,30.0,0.060051,0.052036,20.4984,26.1895,1,2458432.9812847,468120126,1,69.6439340657,25.1238,3.083563,1.271547,215.45070609849,43.903175,4.940458,1.04642,0.134565025768624,16.3420001983643,0.017000000923872,0.813000023365021,-0.0430000014603138,2458166.891343,2458444.02037,0,,,0.0,,,
65,468,8,4,ZTF_g,678481283115,0,2.2967,120.615,4.98464,26.1499,1.03669e-05,0.0278005,-0.0582133,1.65477e-05,492,30.0,0.058909,0.055694,20.5021,26.1499,1,2458432.9812847,468120131,1,-99999.0,-99999.0,-99999.0,-99999.0,-99999.0,-99999.0,-99999.0,-99999.0,,,,,,2458166.891343,2458444.02037,"57,61",,,0.0,,,
66,468,7,3,ZTF_g,678498022615,0,2.6277,127.22,5.13112,26.1976,1.10403e-05,0.0292662,-0.0555659,1.86816e-05,490,30.0,0.063977,0.051309,20.4405,26.1976,3,2458432.9980208,468120126,1,183.57924623256,26.249729,7.779533,1.286098,302.43670439523,41.455612,7.344569,1.067445,0.134565025768624,16.3420001983643,0.017000000923872,0.813000023365021,-0.0430000014603138,2458166.891343,2458444.02037,0,,,0.0,,,
67,468,8,4,ZTF_g,678498023115,0,2.685,122.786,4.94933,26.1727,1.11929e-05,0.0289033,-0.0580581,1.79968e-05,493,30.0,0.055331,0.058213,20.4587,26.1727,3,2458432.9980208,468120131,1,-99999.0,-99999.0,-99999.0,-99999.0,-99999.0,-99999.0,-99999.0,-99999.0,,,,,,2458166.891343,2458444.02037,"57,61",,,0.0,,,
68,468,7,3,ZTF_r,678543052615,0,2.182,449.539,7.50018,26.2546,7.3481e-06,0.0237735,0.103107,1.22206e-05,493,30.0,0.051972,0.046548,20.2812,26.2546,3,2458433.0430556,468120226,1,297.52971503362,37.468655,8.833179,2.462939,335.02890008209,63.374493,5.322099,1.062668,0.144213968101269,15.7400001525879,0.0149999996647239,0.437999993562698,-0.0270000007003546,2458160.768681,2458450.010741,0,-272.66310449434,570.19281952796,0.0,570.19281952796,19.364545640220815,0.07134617252944356
69,468,8,4,ZTF_r,678543053115,0,2.1614,436.548,7.22563,26.2036,8.4824e-06,0.0250349,0.115909,1.3276e-05,497,30.0,0.051291,0.048776,20.2661,26.2036,3,2458433.0430556,468120231,1,-99999.0,-99999.0,-99999.0,-99999.0,-99999.0,-99999.0,-99999.0,-99999.0,,,,,,2458160.768681,2458450.010741,"57,61",-99999.0,0.0,0.0,0.0,,
70,468,7,3,ZTF_r,678554002615,0,1.987,452.762,12.4822,26.2552,9.2602e-06,0.02679,0.115399,1.53532e-05,495,30.0,0.049946,0.047115,19.7771,26.2552,1,2458433.0540046,468120226,1,487.16470456379,59.064316,9.174987,1.618202,279.86151559069,106.145187,2.654349,1.053713,0.144213968101269,15.7400001525879,0.0149999996647239,0.437999993562698,-0.0270000007003546,2458160.768681,2458450.010741,0,-272.66310449434,759.82780905813,0.0,759.82780905813,19.053412039195017,0.08439841964979827
71,468,8,4,ZTF_r,678554003115,0,2.0444,437.513,11.9899,26.2104,1.05358e-05,0.0280492,0.127138,1.65284e-05,497,30.0,0.054432,0.048614,19.7747,26.2104,1,2458433.0540046,468120231,1,-99999.0,-99999.0,-99999.0,-99999.0,-99999.0,-99999.0,-99999.0,-99999.0,,,,,,2458160.768681,2458450.010741,"57,61",-99999.0,0.0,0.0,0.0,,
72,468,7,3,ZTF_r,680482282615,0,4.4272,433.29,7.48832,26.2307,1.73164e-05,0.0365282,0.0954938,2.85826e-05,487,30.0,0.073999,0.070852,19.542,26.2307,3,2458434.9822801,468120226,1,469.21229973392,60.886604,8.5724,1.423009,253.55858037272,72.51123,3.520369,1.23092,0.144213968101269,15.7400001525879,0.0149999996647239,0.437999993562698,-0.0270000007003546,2458160.768681,2458450.010741,0,-272.66310449434,741.8754042282601,0.0,741.8754042282601,19.05487256766427,0.08910767221935209
73,468,8,4,ZTF_r,680482283115,0,4.4092,420.61,7.3241,26.168,2.05462e-05,0.0382817,0.121114,3.24884e-05,481,30.0,0.073615,0.073316,19.5208,26.168,3,2458434.9822801,468120231,1,-99999.0,-99999.0,-99999.0,-99999.0,-99999.0,-99999.0,-99999.0,-99999.0,,,,,,2458160.768681,2458450.010741,"57,61",-99999.0,0.0,0.0,0.0,,
74,468,8,4,ZTF_g,680540123115,0,4.4181,128.4,5.03101,26.2273,2.29504e-05,0.0374026,-0.0593323,4.47196e-05,404,30.0,0.073057,0.073656,19.9449,26.2273,3,2458435.0401273,468120131,1,-99999.0,-99999.0,-99999.0,-99999.0,-99999.0,-99999.0,-99999.0,-99999.0,,,,,,2458166.891343,2458444.02037,"57,61",,,0.0,,,
75,468,7,3,ZTF_g,680540122615,0,4.373,133.383,5.1038,26.2562,2.2573e-05,0.0382876,-0.0660623,4.52199e-05,412,30.0,0.076055,0.07024,19.9751,26.2562,3,2458435.0401273,468120126,1,-331.48319883608,40.107887,-9.19362,1.15174,-281.91249115228,48.897411,-5.804217,1.184,0.134565025768624,16.3420001983643,0.017000000923872,0.813000023365021,-0.0430000014603138,2458166.891343,2458444.02037,0,,,0.0,,,
76,468,7,3,ZTF_r,681524862615,8,5.9982,413.313,7.12785,26.2215,3.73663e-05,0.0452394,0.106627,6.25426e-05,373,30.0,0.084673,0.085894,19.2541,26.2215,1,2458436.0248611,468120226,1,17.38469268929,88.621628,0.218214,0.887991,-7.24893202574,100.038078,-0.07295,1.51281,0.144213968101269,15.7400001525879,0.0149999996647239,0.437999993562698,-0.0270000007003546,2458160.768681,2458450.010741,0,-272.66310449434,290.04779718363,0.0,290.04779718363,20.065326071264334,0.33173742734301764
77,468,8,4,ZTF_r,681524863115,8,6.0375,405.399,6.97352,26.1781,3.71143e-05,0.0450073,0.123602,6.08248e-05,374,30.0,0.089277,0.096273,19.2497,26.1781,1,2458436.0248611,468120231,1,-99999.0,-99999.0,-99999.0,-99999.0,-99999.0,-99999.0,-99999.0,-99999.0,,,,,,2458160.768681,2458450.010741,"57,61",-99999.0,0.0,0.0,0.0,,
78,468,8,4,ZTF_g,683504073115,0,2.9131,126.917,4.77098,26.2122,1.43126e-05,0.0322909,-0.0659845,2.30194e-05,486,30.0,0.069352,0.064731,20.3806,26.2122,3,2458438.0040741,468120131,1,-99999.0,-99999.0,-99999.0,-99999.0,-99999.0,-99999.0,-99999.0,-99999.0,,,,,,2458166.891343,2458444.02037,"57,61",,,0.0,,,
79,468,7,3,ZTF_g,683504072615,0,2.912,130.833,4.91478,26.2514,1.37352e-05,0.0324574,-0.0778417,2.35532e-05,485,30.0,0.069369,0.057198,20.3929,26.2514,3,2458438.0040741,468120126,1,-525.19551354769,25.767988,-22.672285,2.153001,-348.68621527847,39.472042,-8.893247,1.065291,0.134565025768624,16.3420001983643,0.017000000923872,0.813000023365021,-0.0430000014603138,2458166.891343,2458444.02037,0,,,0.0,,,
80,468,7,3,ZTF_g,684481352615,0,1.9163,128.425,4.88422,26.2116,9.3944e-06,0.0272039,-0.0611965,1.56466e-05,495,30.0,0.054195,0.058547,20.79,26.2116,1,2458438.9813542,468120126,1,-565.46699986277,19.933355,-31.555977,2.640637,-415.68768552146,38.241993,-10.943136,1.039205,0.134565025768624,16.3420001983643,0.017000000923872,0.813000023365021,-0.0430000014603138,2458166.891343,2458444.02037,0,,,0.0,,,
81,468,8,4,ZTF_g,684481353115,0,1.9241,124.101,4.71405,26.1865,8.6501e-06,0.0254761,-0.0660485,1.37016e-05,496,30.0,0.048964,0.058056,20.7854,26.1865,1,2458438.9813542,468120131,1,-99999.0,-99999.0,-99999.0,-99999.0,-99999.0,-99999.0,-99999.0,-99999.0,,,,,,2458166.891343,2458444.02037,"57,61",,,0.0,,,
82,468,7,3,ZTF_g,684499052615,0,2.3382,130.61,4.87157,26.2022,1.08515e-05,0.0291169,-0.0348071,1.81805e-05,494,30.0,0.060589,0.055647,20.6569,26.2022,3,2458438.9990509,468120126,1,-418.27262315862,22.964088,-20.261194,1.96738,-528.60030751591,39.096447,-13.611478,1.05885,0.134565025768624,16.3420001983643,0.017000000923872,0.813000023365021,-0.0430000014603138,2458166.891343,2458444.02037,0,,,0.0,,,
83,468,8,4,ZTF_g,684499053115,0,2.3919,126.267,4.70352,26.1769,1.09255e-05,0.0286431,-0.0358171,1.74422e-05,493,30.0,0.054456,0.057667,20.6337,26.1769,3,2458438.9990509,468120131,1,-99999.0,-99999.0,-99999.0,-99999.0,-99999.0,-99999.0,-99999.0,-99999.0,,,,,,2458166.891343,2458444.02037,"57,61",,,0.0,,,
84,468,7,3,ZTF_r,684522852615,0,1.7179,445.297,6.58724,26.2456,6.4708e-06,0.0224452,0.102001,1.07924e-05,494,30.0,0.04721,0.051884,20.5784,26.2456,1,2458439.0228588,468120226,1,-453.46633316484,24.532627,-20.561546,7.164534,-644.76174058088,48.788246,-13.304522,1.037224,0.144213968101269,15.7400001525879,0.0149999996647239,0.437999993562698,-0.0270000007003546,2458160.768681,2458450.010741,0,-272.66310449434,-180.8032286705,0.0,-180.8032286705,,
85,468,8,4,ZTF_r,684522853115,0,1.6948,432.474,6.30389,26.2086,7.155e-06,0.0230512,0.109019,1.12287e-05,499,30.0,0.046698,0.050016,20.5368,26.2086,1,2458439.0228588,468120231,1,-99999.0,-99999.0,-99999.0,-99999.0,-99999.0,-99999.0,-99999.0,-99999.0,,,,,,2458160.768681,2458450.010741,"57,61",-99999.0,0.0,0.0,0.0,,
86,468,7,3,ZTF_g,685498352615,0,1.9592,112.842,4.6047,26.0781,1.04772e-05,0.0284928,-0.0768104,1.74278e-05,493,30.0,0.052882,0.045694,20.684,26.0781,1,2458439.9983565,468120126,1,-240.19135248923,19.17643,-13.932993,2.541239,-324.95014408362,36.300785,-9.011891,1.038323,0.134565025768624,16.3420001983643,0.017000000923872,0.813000023365021,-0.0430000014603138,2458166.891343,2458444.02037,0,,,0.0,,,
87,468,8,4,ZTF_g,685498353115,0,1.9071,109.195,4.45811,26.0552,7.8733e-06,0.0242516,-0.080334,1.2491e-05,496,30.0,0.046912,0.049697,20.7326,26.0552,1,2458439.9983565,468120131,1,-99999.0,-99999.0,-99999.0,-99999.0,-99999.0,-99999.0,-99999.0,-99999.0,,,,,,2458166.891343,2458444.02037,"57,61",,,0.0,,,
88,468,8,4,ZTF_r,685557243115,0,1.4514,363.786,9.87154,26.0068,1.18032e-05,0.0297322,0.112112,1.84674e-05,499,30.0,0.07834,0.061354,19.9535,26.0068,1,2458440.0572454,468120231,1,-99999.0,-99999.0,-99999.0,-99999.0,-99999.0,-99999.0,-99999.0,-99999.0,,,,,,2458160.768681,2458450.010741,"57,61",-99999.0,0.0,0.0,0.0,,
89,468,7,3,ZTF_r,685557242615,0,1.3775,366.085,10.842,26.0466,1.10268e-05,0.0291933,0.102369,1.82563e-05,494,30.0,0.070844,0.07169,19.9178,26.0466,1,2458440.0572454,468120226,1,-447.30810908517,34.487396,-14.427835,3.541629,-309.19914198896,71.360558,-4.362096,1.035985,0.144213968101269,15.7400001525879,0.0149999996647239,0.437999993562698,-0.0270000007003546,2458160.768681,2458450.010741,0,-272.66310449434,-174.64500459082996,0.0,-174.64500459082996,,
90,1462,15,3,ZTF_r,685557705815,0,1.7469,183.005,10.8331,26.0512,1.40537e-05,0.0321334,0.0996707,2.15771e-05,506,30.0,0.05215,0.056518,19.7666,26.0512,2,2458440.0577083,1462120258,1,-99999.0,-99999.0,-99999.0,-99999.0,-99999.0,-99999.0,-99999.0,-99999.0,0.16607147254802,15.6880001068115,0.0140000004321337,0.754000008106232,-0.0020000000949949,2458165.717025,2458165.766968,55,,,0.0,,,
91,468,8,4,ZTF_g,686474563115,0,1.7933,66.7858,4.56852,25.494,2.09458e-05,0.0385682,-0.0432668,3.55452e-05,470,30.0,0.050711,0.058447,20.2301,25.494,3,2458440.9745602,468120131,1,-99999.0,-99999.0,-99999.0,-99999.0,-99999.0,-99999.0,-99999.0,-99999.0,,,,,,2458166.891343,2458444.02037,"57,61",,,0.0,,,
92,468,7,3,ZTF_g,686474562615,0,1.7922,77.5972,4.71004,25.6396,2.9919e-05,0.0479307,-0.0372729,5.1361e-05,482,30.0,0.052684,0.053258,20.3598,25.6396,3,2458440.9745602,468120126,1,-431.53286935598,18.277761,-26.263083,3.51629,-344.51860636429,35.303043,-9.824619,1.043153,0.134565025768624,16.3420001983643,0.017000000923872,0.813000023365021,-0.0430000014603138,2458166.891343,2458444.02037,0,,,0.0,,,
93,468,7,3,ZTF_r,686522372615,0,1.8682,444.103,6.53424,26.2382,6.5401e-06,0.022523,0.105098,1.08198e-05,498,30.0,0.051185,0.058977,20.5884,26.2382,3,2458441.0223727,468120226,1,-253.99828391887,24.445084,-11.558302,7.81577,-178.94000079932,47.235714,-3.81375,1.039597,0.144213968101269,15.7400001525879,0.0149999996647239,0.437999993562698,-0.0270000007003546,2458160.768681,2458450.010741,0,-272.66310449434,18.66482057547003,0.0,18.66482057547003,23.060640451453462,1.4219752405246628
94,468,8,4,ZTF_r,686522373115,0,1.6335,430.388,6.29685,26.1898,7.2765e-06,0.0232615,0.111852,1.1472e-05,496,30.0,0.048103,0.062924,20.5392,26.1898,3,2458441.0223727,468120231,1,-99999.0,-99999.0,-99999.0,-99999.0,-99999.0,-99999.0,-99999.0,-99999.0,,,,,,2458160.768681,2458450.010741,"57,61",-99999.0,0.0,0.0,0.0,,
95,468,8,4,ZTF_g,687519273115,0,2.3443,112.864,4.54338,26.0771,1.24667e-05,0.0305253,-0.0519772,1.98866e-05,493,30.0,0.052936,0.05835,20.5495,26.0771,1,2458442.0192708,468120131,1,-99999.0,-99999.0,-99999.0,-99999.0,-99999.0,-99999.0,-99999.0,-99999.0,,,,,,2458166.891343,2458444.02037,"57,61",,,0.0,,,
96,468,7,3,ZTF_g,687519272615,0,2.3536,117.39,4.6957,26.1091,1.06832e-05,0.0289348,-0.0551046,1.79178e-05,491,30.0,0.054347,0.052925,20.5362,26.1091,1,2458442.0192708,468120126,1,219.10229210034,24.957411,9.765674,1.219891,219.72659573577,41.260899,5.361165,1.047249,0.134565025768624,16.3420001983643,0.017000000923872,0.813000023365021,-0.0430000014603138,2458166.891343,2458444.02037,0,,,0.0,,,
97,468,8,4,ZTF_g,687520183115,0,2.303,113.726,4.53004,26.075,1.02875e-05,0.0277406,-0.0558583,1.64838e-05,492,30.0,0.050917,0.051567,20.6013,26.075,3,2458442.0201852,468120131,1,-99999.0,-99999.0,-99999.0,-99999.0,-99999.0,-99999.0,-99999.0,-99999.0,,,,,,2458166.891343,2458444.02037,"57,61",,,0.0,,,
98,468,7,3,ZTF_g,687520182615,0,2.3059,118.531,4.71299,26.112,1.10542e-05,0.0293618,-0.0635162,1.84875e-05,492,30.0,0.052886,0.050515,20.5685,26.112,3,2458442.0201852,468120126,1,126.59143973658,21.458473,6.562364,1.909572,151.2797819646,35.413357,4.3006,1.04735,0.134565025768624,16.3420001983643,0.017000000923872,0.813000023365021,-0.0430000014603138,2458166.891343,2458444.02037,0,,,0.0,,,
99,468,8,4,ZTF_r,687522693115,0,2.9572,375.845,6.60207,26.0406,1.41583e-05,0.0324529,0.132975,2.21841e-05,498,30.0,0.058083,0.057717,19.8905,26.0406,1,2458442.0226968,468120231,1,-99999.0,-99999.0,-99999.0,-99999.0,-99999.0,-99999.0,-99999.0,-99999.0,,,,,,2458160.768681,2458450.010741,"57,61",-99999.0,0.0,0.0,0.0,,
100,468,7,3,ZTF_r,687522692615,0,2.6082,384.225,7.02126,26.0812,1.13094e-05,0.0295391,0.125419,1.88322e-05,492,30.0,0.059274,0.05702,19.9595,26.0812,1,2458442.0226968,468120226,1,-290.20382870962,35.668842,-9.050424,2.50439,271.48258417585,57.255001,4.773575,1.06471,0.144213968101269,15.7400001525879,0.0149999996647239,0.437999993562698,-0.0270000007003546,2458160.768681,2458450.010741,0,-272.66310449434,-17.540724215279965,0.0,-17.540724215279965,,
101,468,8,4,ZTF_r,687538343115,0,2.2663,302.403,7.23697,25.8017,1.27512e-05,0.0307047,0.120014,2.00587e-05,495,30.0,0.051227,0.050521,19.816,25.8017,3,2458442.0383449,468120231,1,-99999.0,-99999.0,-99999.0,-99999.0,-99999.0,-99999.0,-99999.0,-99999.0,,,,,,2458160.768681,2458450.010741,"57,61",-99999.0,0.0,0.0,0.0,,
102,468,7,3,ZTF_r,687538342615,0,2.1778,309.636,7.5021,25.8418,1.00547e-05,0.0279817,0.11534,1.66148e-05,495,30.0,0.053592,0.051069,19.8298,25.8418,3,2458442.0383449,468120226,1,276.39964003745,35.105667,8.758204,2.092406,115.70799698307,59.845596,1.946464,1.051495,0.144213968101269,15.7400001525879,0.0149999996647239,0.437999993562698,-0.0270000007003546,2458160.768681,2458450.010741,0,-272.66310449434,549.06274453179,0.0,549.06274453179,18.99274505851556,0.0694191948619378
103,468,7,3,ZTF_r,688412342615,2048,2.0554,71.1589,20.4557,24.3842,0.0126754,0.534064,0.255578,0.0230437,169,30.0,0.081608,0.058784,17.243,24.3842,1,2458442.9123495,468120226,1,-1428.78519002704,91.480888,-17.373663,0.966764,-1449.63966942156,170.460739,-8.561521,1.045957,0.144213968101269,15.7400001525879,0.0149999996647239,0.437999993562698,-0.0270000007003546,2458160.768681,2458450.010741,0,-272.66310449434,-1156.1220855327,0.0,-1156.1220855327,,
104,468,8,4,ZTF_r,688412343115,2048,1.9288,135.903,17.2721,24.998,0.00165501,0.2816,0.198704,0.00271213,335,30.0,0.067507,0.063406,18.0905,24.998,1,2458442.9123495,468120231,1,-99999.0,-99999.0,-99999.0,-99999.0,-99999.0,-99999.0,-99999.0,-99999.0,,,,,,2458160.768681,2458450.010741,"57,61",-99999.0,0.0,0.0,0.0,,
105,1462,15,3,ZTF_r,688416685815,0,1.9411,160.828,13.804,25.9246,2.68301e-05,0.0443512,0.099691,4.07054e-05,509,30.0,0.065735,0.047019,19.3465,25.9246,2,2458442.9166898,1462120258,1,-99999.0,-99999.0,-99999.0,-99999.0,-99999.0,-99999.0,-99999.0,-99999.0,0.16607147254802,15.6880001068115,0.0140000004321337,0.754000008106232,-0.0020000000949949,2458165.717025,2458165.766968,61,,,0.0,,,
106,468,7,3,ZTF_g,688520622615,0,1.7916,107.885,4.54963,26.0187,1.17254e-05,0.0301449,-0.0742725,1.93888e-05,492,30.0,0.047307,0.048615,20.7376,26.0187,3,2458443.020625,468120126,1,277.46656370358,18.653812,16.546183,3.641467,242.37526365425,32.611336,7.482296,1.036082,0.134565025768624,16.3420001983643,0.017000000923872,0.813000023365021,-0.0430000014603138,2458166.891343,2458444.02037,0,,,0.0,,,
107,468,8,4,ZTF_g,688520623115,0,1.7659,107.001,4.47587,26.0161,8.1202e-06,0.0245366,-0.0610674,1.27984e-05,493,30.0,0.047936,0.048743,20.7582,26.0161,3,2458443.020625,468120131,1,-99999.0,-99999.0,-99999.0,-99999.0,-99999.0,-99999.0,-99999.0,-99999.0,,,,,,2458166.891343,2458444.02037,"57,61",,,0.0,,,
108,468,8,4,ZTF_r,688525843115,0,1.918,379.004,6.19438,26.0522,2.55795e-05,0.0437963,0.124105,4.01884e-05,499,30.0,0.052371,0.052911,20.3599,26.0522,3,2458443.0258449,468120231,1,-99999.0,-99999.0,-99999.0,-99999.0,-99999.0,-99999.0,-99999.0,-99999.0,,,,,,2458160.768681,2458450.010741,"57,61",-99999.0,0.0,0.0,0.0,,
109,468,7,3,ZTF_r,688525842615,0,1.8151,417.631,6.36418,26.1669,1.5596e-05,0.0350709,0.108633,2.61517e-05,496,30.0,0.052163,0.050399,20.5091,26.1669,3,2458443.0258449,468120226,1,-443.82608183773,24.574011,-20.090538,6.142437,-68.25529267676,46.076591,-1.491321,1.044523,0.144213968101269,15.7400001525879,0.0149999996647239,0.437999993562698,-0.0270000007003546,2458160.768681,2458450.010741,0,-272.66310449434,-171.16297734338997,0.0,-171.16297734338997,,
110,468,8,4,ZTF_r,689457363115,0,1.3815,427.186,10.9476,26.1714,1.26863e-05,0.0305152,0.107909,1.99255e-05,495,30.0,0.065407,0.073154,20.0243,26.1714,3,2458443.9573611,468120231,1,-99999.0,-99999.0,-99999.0,-99999.0,-99999.0,-99999.0,-99999.0,-99999.0,,,,,,2458160.768681,2458450.010741,"57,61",-99999.0,0.0,0.0,0.0,,
111,468,7,3,ZTF_r,689457362615,0,1.4307,441.494,11.4258,26.23,8.6231e-06,0.0257186,0.107967,1.41742e-05,494,30.0,0.053567,0.067811,20.0187,26.23,3,2458443.9573611,468120226,1,253.32872027523,44.64006,6.31269,5.601855,121.42955595421,90.435463,1.351764,1.035727,0.144213968101269,15.7400001525879,0.0149999996647239,0.437999993562698,-0.0270000007003546,2458160.768681,2458450.010741,0,-272.66310449434,525.99182476957,0.0,525.99182476957,19.427552514544622,0.09214464377998284
112,468,8,4,ZTF_g,689520373115,0,1.8995,127.277,6.10324,26.1937,9.6133e-06,0.026807,-0.0463362,1.52366e-05,496,30.0,0.050996,0.052446,20.5613,26.1937,3,2458444.0203704,468120131,1,-99999.0,-99999.0,-99999.0,-99999.0,-99999.0,-99999.0,-99999.0,-99999.0,,,,,,2458166.891343,2458444.02037,"57,61",,,0.0,,,
113,468,7,3,ZTF_g,689520372615,0,1.9242,132.391,6.30615,26.2261,9.9372e-06,0.0279788,-0.0459513,1.6719e-05,492,30.0,0.04946,0.049018,20.5587,26.2261,3,2458444.0203704,468120126,1,422.41787721017,29.166637,16.110563,2.109555,254.18300583133,49.51952,5.167557,1.05265,0.134565025768624,16.3420001983643,0.017000000923872,0.813000023365021,-0.0430000014603138,2458166.891343,2458444.02037,0,,,0.0,,,
114,468,7,3,ZTF_r,693460082615,0,3.3376,443.756,11.7494,26.2473,2.09439e-05,0.0400684,0.108158,3.47113e-05,488,30.0,0.08817,0.102512,19.3347,26.2473,3,2458447.960081,468120226,1,-342.04925082181,73.261528,-5.193588,1.150864,-164.17515488604,102.081818,-1.619102,1.105524,0.144213968101269,15.7400001525879,0.0149999996647239,0.437999993562698,-0.0270000007003546,2458160.768681,2458450.010741,0,-272.66310449434,-69.38614632746999,0.0,-69.38614632746999,,
115,468,8,4,ZTF_r,693460083115,0,3.5958,430.601,11.4455,26.2012,3.60064e-05,0.0500468,0.116378,5.6516e-05,472,30.0,0.098426,0.07632,19.2565,26.2012,3,2458447.960081,468120231,1,-99999.0,-99999.0,-99999.0,-99999.0,-99999.0,-99999.0,-99999.0,-99999.0,,,,,,2458160.768681,2458450.010741,"57,61",-99999.0,0.0,0.0,0.0,,
116,468,8,4,ZTF_r,693476573115,0,2.336,433.513,10.8217,26.1902,1.36678e-05,0.0320312,0.124406,2.13407e-05,500,30.0,0.076689,0.062294,19.7051,26.1902,1,2458447.9765741,468120231,1,-99999.0,-99999.0,-99999.0,-99999.0,-99999.0,-99999.0,-99999.0,-99999.0,,,,,,2458160.768681,2458450.010741,"57,61",-99999.0,0.0,0.0,0.0,,
117,468,7,3,ZTF_r,693476572615,0,2.2998,447.551,11.4128,26.2595,1.86212e-05,0.0378745,0.10091,3.0988e-05,493,30.0,0.081262,0.068106,19.7299,26.2595,1,2458447.9765741,468120226,1,-762.6339897606,55.902374,-15.175419,2.497812,-238.17358222045,97.702881,-2.454152,1.049795,0.144213968101269,15.7400001525879,0.0149999996647239,0.437999993562698,-0.0270000007003546,2458160.768681,2458450.010741,0,-272.66310449434,-489.97088526626,0.0,-489.97088526626,,
118,468,7,3,ZTF_r,693521992615,0,2.5729,451.075,11.4769,26.2655,9.7753e-06,0.0275279,0.100896,1.62782e-05,493,30.0,0.063919,0.059533,19.5956,26.2655,1,2458448.0219907,468120226,1,-287.34143451408,57.32835,-5.575498,1.314333,-291.05341053432,92.928299,-3.153116,1.060016,0.144213968101269,15.7400001525879,0.0149999996647239,0.437999993562698,-0.0270000007003546,2458160.768681,2458450.010741,0,-272.66310449434,-14.678330019739974,0.0,-14.678330019739974,,
119,468,8,4,ZTF_r,693521993115,0,2.5513,436.68,10.6728,26.2228,1.08277e-05,0.0282798,0.103679,1.70608e-05,494,30.0,0.061949,0.05277,19.6511,26.2228,1,2458448.0219907,468120231,1,-99999.0,-99999.0,-99999.0,-99999.0,-99999.0,-99999.0,-99999.0,-99999.0,,,,,,2458160.768681,2458450.010741,"57,61",-99999.0,0.0,0.0,0.0,,
120,468,7,3,ZTF_r,693541752615,0,3.4682,448.694,11.3057,26.262,1.62581e-05,0.0354229,0.108279,2.71353e-05,489,30.0,0.069822,0.062275,19.3614,26.262,3,2458448.0417593,468120226,1,-415.17314090807,71.414764,-6.466898,1.144696,-176.842555216,96.650703,-1.842031,1.128429,0.144213968101269,15.7400001525879,0.0149999996647239,0.437999993562698,-0.0270000007003546,2458160.768681,2458450.010741,0,-272.66310449434,-142.51003641373,0.0,-142.51003641373,,
121,468,8,4,ZTF_r,693541753115,0,3.5086,436.835,10.4782,26.2074,2.14306e-05,0.040017,0.122502,3.35188e-05,497,30.0,0.080057,0.066884,19.3765,26.2074,3,2458448.0417593,468120231,1,-99999.0,-99999.0,-99999.0,-99999.0,-99999.0,-99999.0,-99999.0,-99999.0,,,,,,2458160.768681,2458450.010741,"57,61",-99999.0,0.0,0.0,0.0,,
122,468,7,3,ZTF_r,694483902615,0,2.3805,444.293,12.0154,26.2467,9.6629e-06,0.027342,0.104232,1.61243e-05,494,30.0,0.064364,0.053909,19.6285,26.2467,3,2458448.9839005,468120226,1,-650.84445875275,51.560841,-14.041453,1.501369,-576.97409229226,88.725388,-6.546717,1.048195,0.144213968101269,15.7400001525879,0.0149999996647239,0.437999993562698,-0.0270000007003546,2458160.768681,2458450.010741,0,-272.66310449434,-378.18135425841,0.0,-378.18135425841,,
123,468,8,4,ZTF_r,694483903115,0,2.5132,431.729,11.0923,26.2007,1.34751e-05,0.0316121,0.119156,2.11357e-05,496,30.0,0.069841,0.053561,19.6085,26.2007,3,2458448.9839005,468120231,1,-99999.0,-99999.0,-99999.0,-99999.0,-99999.0,-99999.0,-99999.0,-99999.0,,,,,,2458160.768681,2458450.010741,"57,61",-99999.0,0.0,0.0,0.0,,
124,468,8,4,ZTF_r,694538863115,0,2.1606,438.541,10.4441,26.2016,1.10754e-05,0.0287526,0.128076,1.74176e-05,496,30.0,0.059561,0.04701,19.8307,26.2016,3,2458449.0388657,468120231,1,-99999.0,-99999.0,-99999.0,-99999.0,-99999.0,-99999.0,-99999.0,-99999.0,,,,,,2458160.768681,2458450.010741,"57,61",-99999.0,0.0,0.0,0.0,,
125,468,7,3,ZTF_r,694538862615,0,2.1655,445.142,11.2439,26.2548,1.16113e-05,0.0299592,0.110739,1.92806e-05,495,30.0,0.060741,0.047998,19.7887,26.2548,3,2458449.0388657,468120226,1,-272.66310449434,49.853104,-6.083997,2.177468,-88.04445155316,88.77552,-0.998445,1.045588,0.144213968101269,15.7400001525879,0.0149999996647239,0.437999993562698,-0.0270000007003546,2458160.768681,2458450.010741,0,-272.66310449434,0.0,0.0,0.0,,
126,468,7,3,ZTF_r,695466132615,1,1.7513,149.018,30.0181,24.9935,0.000263162,0.0880015,0.080632,0.000507324,219,30.0,0.059416,0.052262,17.5565,24.9935,1,2458449.9661343,468120226,1,528.85509635983,113.607338,5.178275,1.152818,602.30143617401,225.0392,2.694455,1.048906,0.144213968101269,15.7400001525879,0.0149999996647239,0.437999993562698,-0.0270000007003546,2458160.768681,2458450.010741,0,-272.66310449434,801.51820085417,0.0,801.51820085417,17.733716528125548,0.15389245042887822
127,468,8,4,ZTF_r,695466133115,1,1.7043,165.645,29.0393,25.1143,0.000107879,0.0595562,0.118929,0.000199044,235,30.0,0.064799,0.059021,17.7321,25.1143,1,2458449.9661343,468120231,1,-99999.0,-99999.0,-99999.0,-99999.0,-99999.0,-99999.0,-99999.0,-99999.0,,,,,,2458160.768681,2458450.010741,"57,61",-99999.0,0.0,0.0,0.0,,
128,1462,15,3,ZTF_r,695467995815,1,2.1553,91.7231,33.1111,25.242,0.000473987,0.11647,0.0551681,0.000915686,214,30.0,0.073861,0.050443,17.5137,25.242,2,2458449.9679977,1462120258,1,-99999.0,-99999.0,-99999.0,-99999.0,-99999.0,-99999.0,-99999.0,-99999.0,0.16607147254802,15.6880001068115,0.0140000004321337,0.754000008106232,-0.0020000000949949,2458165.717025,2458165.766968,55,,,0.0,,,
129,468,7,3,ZTF_r,695510742615,0,1.9586,455.984,11.4041,26.2739,7.5099e-06,0.0239557,0.0994529,1.25122e-05,491,30.0,0.051363,0.047308,19.8857,26.2739,3,2458450.0107407,468120226,1,-642.70922973775,49.579781,-14.419982,1.951476,-361.53304116697,94.044823,-3.870154,1.042566,0.144213968101269,15.7400001525879,0.0149999996647239,0.437999993562698,-0.0270000007003546,2458160.768681,2458450.010741,0,-272.66310449434,-370.04612524340996,0.0,-370.04612524340996,,
130,468,8,4,ZTF_r,695510743115,0,1.9346,441.745,10.7846,26.2205,9.8632e-06,0.0270636,0.107501,1.55623e-05,497,30.0,0.052311,0.045828,19.9106,26.2205,3,2458450.0107407,468120231,1,-99999.0,-99999.0,-99999.0,-99999.0,-99999.0,-99999.0,-99999.0,-99999.0,,,,,,2458160.768681,2458450.010741,"57,61",-99999.0,0.0,0.0,0.0,,
